stock,Comment,Date ,Closing Price,entry_type
AMBUJACEM.NS,freshe buy,8/21/2023,465.25,
DABUR.NS,freshe buy,8/22/2023,574.75,
BANDHANBNK.NS,freshe buy,8/22/2023,232.1000061,
FEDERALBNK.NS,freshe buy,8/22/2023,136.0500031,
TORNTPOWER.NS,freshe buy,8/22/2023,661.9500122,
AVANTIFEED.NS,freshe buy,8/22/2023,415.1000061,
BANDHANBNK.NS,freshe buy,8/22/2023,232.1000061,
BTML.NS,freshe buy,8/22/2023,145.3000031,
DMCC.NS,freshe buy,8/22/2023,324.0,
DABUR.NS,freshe buy,8/22/2023,574.75,
GALAXYSURF.NS,freshe buy,8/22/2023,2681.300049,
FEDERALBNK.NS,freshe buy,8/22/2023,136.0500031,
GMMPFAUDLR.NS,freshe buy,8/22/2023,1533.849976,
GODREJAGRO.NS,freshe buy,8/22/2023,483.6000061,
HMT.NS,freshe buy,8/22/2023,29.95000076,
HITECHCORP.NS,freshe buy,8/22/2023,241.3000031,
LIBERTSHOE.NS,freshe buy,8/22/2023,258.25,
MAYURUNIQ.NS,freshe buy,8/22/2023,579.5499878,
MANINDS.NS,freshe buy,8/22/2023,155.8999939,
MGEL.NS,freshe buy,8/22/2023,20.39999962,
NDL.NS,freshe buy,8/22/2023,20.5,
NETWORK18.NS,freshe buy,8/22/2023,67.80000305,
PARADEEP.NS,freshe buy,8/22/2023,66.34999847,
PPAP.NS,freshe buy,8/22/2023,229.4499969,
PRECOT.NS,freshe buy,8/22/2023,209.1999969,
RELINFRA.NS,freshe buy,8/22/2023,170.4499969,
SHANTIGEAR.NS,freshe buy,8/22/2023,461.9500122,
SOUTHBANK.NS,freshe buy,8/22/2023,23.54999924,
TORNTPOWER.NS,freshe buy,8/22/2023,661.9500122,
TTML.NS,freshe buy,8/22/2023,82.15000153,
VINDHYATEL.NS,freshe buy,8/22/2023,2054.850098,
ASHIANA.NS,freshe buy,8/23/2023,210.6999969,
ASTRAMICRO.NS,freshe buy,8/23/2023,368.1499939,
ATULAUTO.NS,freshe buy,8/23/2023,439.1499939,
DCMNVL.NS,freshe buy,8/23/2023,165.5,
EMAMIREAL.NS,freshe buy,8/23/2023,75.94999695,
GLAXO.NS,freshe buy,8/23/2023,1421.550049,
HINDALCO.NS,freshe buy,8/23/2023,461.25,
IRB.NS,freshe buy,8/23/2023,27.25,
KRSNAA.NS,freshe buy,8/23/2023,586.0499878,
KOPRAN.NS,freshe buy,8/23/2023,190.5500031,
MAHSEAMLES.NS,freshe buy,8/23/2023,500.7999878,
MATRIMONY.NS,freshe buy,8/23/2023,655.0499878,
MAZDA.NS,freshe buy,8/23/2023,909.0,
PCBL.NS,freshe buy,8/23/2023,158.5,
ROUTE.NS,freshe buy,8/23/2023,1557.75,
SURYAROSNI.NS,freshe buy,8/23/2023,830.6500244,
TATASTEEL.NS,freshe buy,8/23/2023,118.9499969,
ZIMLAB.NS,freshe buy,8/23/2023,126.4000015,
XPROINDIA.NS,freshe buy,8/23/2023,935.0499878,
APEX.NS,freshe buy,2023-08-24,227.8000030517578,
CHEMPLASTS.NS,freshe buy,2023-08-24,510.2999877929688,
FILATEX.NS,freshe buy,2023-08-24,44.04999923706055,
FLUOROCHEM.NS,freshe buy,2023-08-24,2907.199951171875,
GENESYS.NS,freshe buy,2023-08-24,328.3999938964844,
GREENPANEL.NS,freshe buy,2023-08-24,357.1499938964844,
MALLCOM.NS,freshe buy,2023-08-24,1087.449951171875,
MTNL.NS,freshe buy,2023-08-24,22.450000762939453,
PAVNAIND.NS,freshe buy,2023-08-24,336.8500061035156,
RAMAPHO.NS,freshe buy,2023-08-24,258.8999938964844,
RAMCOIND.NS,freshe buy,2023-08-24,180.1999969482422,
SCHAND.NS,freshe buy,2023-08-24,233.75,
SIEMENS.NS,freshe buy,2023-08-24,3803.60009765625,
SPIC.NS,freshe buy,2023-08-24,70.30000305175781,
VISHWARAJ.NS,freshe buy,2023-08-24,18.100000381469727,
CHEMPLASTS.NS,freshe buy,2023-08-24,510.2999877929688,
CHEMPLASTS.NS,freshe buy,2023-08-24,510.2999877929688,
CHEMPLASTS.NS,freshe buy,2023-08-24,510.2999877929688,
CHEMPLASTS.NS,freshe buy,2023-08-24,510.2999877929688,
CHEMPLASTS.NS,freshe buy,2023-08-24,510.2999877929688,
APEX.NS,freshe buy,2023-08-24,227.8000030517578,
FLUOROCHEM.NS,freshe buy,2023-08-24,2907.199951171875,
FILATEX.NS,freshe buy,2023-08-24,44.04999923706055,
GENESYS.NS,freshe buy,2023-08-24,328.3999938964844,
GREENPANEL.NS,freshe buy,2023-08-24,357.1499938964844,
MALLCOM.NS,freshe buy,2023-08-24,1087.449951171875,
MTNL.NS,freshe buy,2023-08-24,22.450000762939453,
RAMAPHO.NS,freshe buy,2023-08-24,258.8999938964844,
RAMCOIND.NS,freshe buy,2023-08-24,180.1999969482422,
SCHAND.NS,freshe buy,2023-08-24,233.75,
SIEMENS.NS,freshe buy,2023-08-24,3803.60009765625,
SPIC.NS,freshe buy,2023-08-24,70.30000305175781,
VISHWARAJ.NS,freshe buy,2023-08-24,18.100000381469727,
ANDHRSUGAR.NS,freshe buy,2023-08-30,116.4000015258789,
BANSWRAS.NS,freshe buy,2023-08-30,168.14999389648438,
CHOLAFIN.NS,freshe buy,2023-08-30,1116.0999755859375,
CGCL.NS,freshe buy,2023-08-30,804.7999877929688,
DICIND.NS,freshe buy,2023-08-30,473.0499877929688,
EICHERMOT.NS,freshe buy,2023-08-30,3405.75,
JINDALPOLY.NS,freshe buy,2023-08-30,697.5499877929688,
JKCEMENT.NS,freshe buy,2023-08-30,3292.25,
JUBLFOOD.NS,freshe buy,2023-08-30,507.8999938964844,
MARUTI.NS,freshe buy,2023-08-30,9796.400390625,
MMP.NS,freshe buy,2023-08-30,206.3000030517578,
PRESTIGE.NS,freshe buy,2023-08-30,610.5,
RAMRAT.NS,freshe buy,2023-08-30,310.45001220703125,
SAIL.NS,freshe buy,2023-08-30,91.4000015258789,
SAPPHIRE.NS,freshe buy,2023-08-30,1399.6500244140625,
SPARC.NS,freshe buy,2023-08-30,249.75,
STLTECH.NS,freshe buy,2023-08-30,165.85000610351562,
TATACOFFEE.NS,freshe buy,2023-08-30,248.6000061035156,
TATASTEEL.NS,freshe buy,2023-08-30,122.0999984741211,
UNIENTER.NS,freshe buy,2023-08-30,177.0,
VENKEYS.NS,freshe buy,2023-08-30,1961.9000244140625,
AARTIDRUGS.NS,fresh buy,2023-08-30,582.8499755859375,Reversal entry
ANDHRSUGAR.NS,fresh buy,2023-08-30,116.4000015258789,Reversal entry
ASAL.NS,fresh buy,2023-08-30,408.2999877929688,Reversal entry
BBL.NS,fresh buy,2023-08-30,4142.2998046875,Golden entry
BANSWRAS.NS,fresh buy,2023-08-30,168.14999389648438,Reversal entry
CGCL.NS,fresh buy,2023-08-30,804.7999877929688,Golden entry
CHOLAFIN.NS,fresh buy,2023-08-30,1116.0999755859375,Reversal entry
DICIND.NS,fresh buy,2023-08-30,473.0499877929688,Golden entry
EICHERMOT.NS,fresh buy,2023-08-30,3405.75,Reversal entry
JKCEMENT.NS,fresh buy,2023-08-30,3292.25,Reversal entry
JINDALPOLY.NS,fresh buy,2023-08-30,697.5499877929688,Reversal entry
JUBLFOOD.NS,fresh buy,2023-08-30,507.8999938964844,Reversal entry
KANSAINER.NS,fresh buy,2023-08-30,334.8999938964844,Reversal entry
KELLTONTEC.NS,fresh buy,2023-08-30,88.19999694824219,Reversal entry
MARUTI.NS,fresh buy,2023-08-30,9796.400390625,Reversal entry
MARICO.NS,fresh buy,2023-08-30,571.1500244140625,Reversal entry
MMP.NS,fresh buy,2023-08-30,206.3000030517578,Reversal entry
NSIL.NS,fresh buy,2023-08-30,2549.85009765625,Reversal entry
POWERMECH.NS,fresh buy,2023-08-30,4220.4501953125,Reversal entry
PNB.NS,fresh buy,2023-08-30,63.45000076293945,Reversal entry
PRESTIGE.NS,fresh buy,2023-08-30,610.5,Golden entry
RAMRAT.NS,fresh buy,2023-08-30,310.45001220703125,Reversal entry
RATNAMANI.NS,fresh buy,2023-08-30,2615.60009765625,Reversal entry
SAPPHIRE.NS,fresh buy,2023-08-30,1399.6500244140625,Reversal entry
SAIL.NS,fresh buy,2023-08-30,91.4000015258789,Reversal entry
SELAN.NS,fresh buy,2023-08-30,363.4500122070313,Reversal entry
SPARC.NS,fresh buy,2023-08-30,249.75,Golden entry
SUNDRMFAST.NS,fresh buy,2023-08-30,1253.800048828125,Reversal entry
STLTECH.NS,fresh buy,2023-08-30,165.85000610351562,Reversal entry
TATACOFFEE.NS,fresh buy,2023-08-30,248.6000061035156,Reversal entry
TATASTEEL.NS,fresh buy,2023-08-30,122.0999984741211,Golden entry
UNIENTER.NS,fresh buy,2023-08-30,177.0,Reversal entry
VENKEYS.NS,fresh buy,2023-08-30,1961.9000244140625,Reversal entry
WELCORP.NS,fresh buy,2023-08-30,335.8500061035156,Reversal entry
ZODIACLOTH.NS,fresh buy,2023-08-30,116.9499969482422,Reversal entry
ICICIBANK.NS,fresh buy,2023-09-12,990.5,Golden entry
ALICON.NS,fresh buy,2023-09-14,864.3499755859375,Reversal entry
ALLSEC.NS,fresh buy,2023-09-14,605.5999755859375,Reversal entry
BANARISUG.NS,fresh buy,2023-09-14,2849.85009765625,Reversal entry
BALKRISIND.NS,fresh buy,2023-09-14,2502.60009765625,Reversal entry
BBL.NS,fresh buy,2023-09-14,3949.550048828125,Reversal entry
CENTENKA.NS,fresh buy,2023-09-14,441.5,Reversal entry
DCMSRIND.NS,fresh buy,2023-09-14,135.10000610351562,Reversal entry
DIGISPICE.NS,fresh buy,2023-09-14,34.79999923706055,Reversal entry
DVL.NS,fresh buy,2023-09-14,269.29998779296875,Reversal entry
EKC.NS,fresh buy,2023-09-14,125.5,Reversal entry
GICRE.NS,fresh buy,2023-09-14,219.5500030517578,Reversal entry
GREAVESCOT.NS,fresh buy,2023-09-14,143.89999389648438,Reversal entry
IFBAGRO.NS,fresh buy,2023-09-14,540.2999877929688,Reversal entry
IOC.NS,fresh buy,2023-09-14,94.6500015258789,Reversal entry
KPITTECH.NS,fresh buy,2023-09-14,1169.199951171875,Reversal entry
KSL.NS,fresh buy,2023-09-14,539.5,Reversal entry
LALPATHLAB.NS,fresh buy,2023-09-14,2311.300048828125,Reversal entry
LAURUSLABS.NS,fresh buy,2023-09-14,399.2000122070313,Reversal entry
MAANALU.NS,fresh buy,2023-09-14,98.4000015258789,Reversal entry
MANORAMA.NS,fresh buy,2023-09-14,1856.949951171875,Reversal entry
MSPL.NS,fresh buy,2023-09-14,12.300000190734863,Reversal entry
MUKANDLTD.NS,fresh buy,2023-09-14,173.64999389648438,Reversal entry
NAVNETEDUL.NS,fresh buy,2023-09-14,154.85000610351562,Reversal entry
NESCO.NS,fresh buy,2023-09-14,712.4500122070312,Reversal entry
NIACL.NS,fresh buy,2023-09-14,134.14999389648438,Reversal entry
PANACEABIO.NS,fresh buy,2023-09-14,140.3000030517578,Reversal entry
PATANJALI.NS,fresh buy,2023-09-14,1310.800048828125,Reversal entry
RATEGAIN.NS,fresh buy,2023-09-14,572.5999755859375,Reversal entry
RSYSTEMS.NS,fresh buy,2023-09-14,499.4500122070313,Reversal entry
SAKSOFT.NS,fresh buy,2023-09-14,338.45001220703125,Reversal entry
SAKAR.NS,fresh buy,2023-09-14,335.0,Reversal entry
SALZERELEC.NS,fresh buy,2023-09-14,385.1499938964844,Reversal entry
SANGHVIMOV.NS,fresh buy,2023-09-14,701.1500244140625,Reversal entry
SWELECTES.NS,fresh buy,2023-09-14,579.7999877929688,Reversal entry
THEMISMED.NS,fresh buy,2023-09-14,1699.550048828125,Golden entry
UNIONBANK.NS,fresh buy,2023-09-14,94.5,Golden entry
VIJAYA.NS,fresh buy,2023-09-14,487.0,Reversal entry
VIPIND.NS,fresh buy,2023-09-14,693.4000244140625,Reversal entry
VISHNU.NS,fresh buy,2023-09-14,352.95001220703125,Reversal entry
XCHANGING.NS,fresh buy,2023-09-14,96.3000030517578,Reversal entry
ZUARIIND.NS,fresh buy,2023-09-14,152.3000030517578,Reversal entry
APTUS.NS,fresh buy,2023-09-15,278.45001220703125,Reversal entry
AUTOIND.NS,fresh buy,2023-09-15,92.8000030517578,Reversal entry
DBCORP.NS,fresh buy,2023-09-15,243.3000030517578,Reversal entry
DEN.NS,fresh buy,2023-09-15,47.09999847412109,Reversal entry
EMUDHRA.NS,fresh buy,2023-09-15,492.1499938964844,Reversal entry
EICHERMOT.NS,fresh buy,2023-09-15,3427.199951171875,Reversal entry
FOCUS.NS,fresh buy,2023-09-15,803.5,Reversal entry
GODREJAGRO.NS,fresh buy,2023-09-15,492.5,Reversal entry
GREENPOWER.NS,fresh buy,2023-09-15,14.350000381469728,Reversal entry
HDFCBANK.NS,fresh buy,2023-09-15,1661.75,Reversal entry
HTMEDIA.NS,fresh buy,2023-09-15,25.700000762939453,Reversal entry
INTELLECT.NS,fresh buy,2023-09-15,717.4000244140625,Reversal entry
ISEC.NS,fresh buy,2023-09-15,639.3499755859375,Golden entry
KSCL.NS,fresh buy,2023-09-15,605.5499877929688,Golden entry
LGBBROSLTD.NS,fresh buy,2023-09-15,1046.9000244140625,Reversal entry
MAANALU.NS,fresh buy,2023-09-15,96.4499969482422,Golden entry
MKPL.NS,fresh buy,2023-09-15,840.5,Reversal entry
MSTCLTD.NS,fresh buy,2023-09-15,438.0499877929688,Reversal entry
MUTHOOTFIN.NS,fresh buy,2023-09-15,1325.550048828125,Reversal entry
NATCOPHARM.NS,fresh buy,2023-09-15,882.25,Reversal entry
NAUKRI.NS,fresh buy,2023-09-15,4484.60009765625,Reversal entry
OLECTRA.NS,fresh buy,2023-09-15,1254.550048828125,Reversal entry
PAYTM.NS,fresh buy,2023-09-15,885.1500244140625,Reversal entry
PNBGILTS.NS,fresh buy,2023-09-15,67.1500015258789,Golden entry
RBA.NS,fresh buy,2023-09-15,128.35000610351562,Golden entry
RELCAPITAL.NS,fresh buy,2023-09-14,12.0,Golden entry
SATIN.NS,fresh buy,2023-09-15,241.1999969482422,Golden entry
STARCEMENT.NS,fresh buy,2023-09-15,163.10000610351562,Reversal entry
THYROCARE.NS,fresh buy,2023-09-15,569.5,Reversal entry
TI.NS,fresh buy,2023-09-15,215.75,Reversal entry
VIDHIING.NS,fresh buy,2023-09-15,428.4500122070313,Reversal entry
WELENT.NS,fresh buy,2023-09-15,297.45001220703125,Reversal entry
AARTIPHARM.NS,fresh buy,2023-09-18,456.1499938964844,Golden entry
AGI.NS,fresh buy,2023-09-18,744.8499755859375,Reversal entry
BAJAJFINSV.NS,fresh buy,2023-09-18,1559.949951171875,Reversal entry
BARBEQUE.NS,fresh buy,2023-09-18,733.2999877929688,Reversal entry
BIGBLOC.NS,fresh buy,2023-09-18,173.6999969482422,Golden entry
EASEMYTRIP.NS,fresh buy,2023-09-18,44.70000076293945,Reversal entry
DYNAMATECH.NS,fresh buy,2023-09-18,4126.35009765625,Reversal entry
ENDURANCE.NS,fresh buy,2023-09-18,1649.6500244140625,Reversal entry
FINEORG.NS,fresh buy,2023-09-18,5091.7998046875,Golden entry
HEMIPROP.NS,fresh buy,2023-09-18,120.5999984741211,Reversal entry
JUBLPHARMA.NS,fresh buy,2023-09-18,442.8999938964844,Reversal entry
MONARCH.NS,fresh buy,2023-09-18,342.1499938964844,Reversal entry
ORIENTABRA.NS,fresh buy,2023-09-15,35.29999923706055,Reversal entry
PRUDENT.NS,fresh buy,2023-09-18,1168.6500244140625,Reversal entry
RAMCOSYS.NS,fresh buy,2023-09-18,313.3999938964844,Golden entry
TATAINVEST.NS,fresh buy,2023-09-18,2689.14990234375,Golden entry
TV18BRDCST.NS,fresh buy,2023-09-18,46.59999847412109,Reversal entry
AARTIPHARM.NS,fresh buy,2023-09-18,456.1499938964844,Golden entry
AGI.NS,fresh buy,2023-09-18,744.8499755859375,Reversal entry
BARBEQUE.NS,fresh buy,2023-09-18,733.2999877929688,Reversal entry
BAJAJFINSV.NS,fresh buy,2023-09-18,1559.949951171875,Reversal entry
BIGBLOC.NS,fresh buy,2023-09-18,173.6999969482422,Golden entry
EASEMYTRIP.NS,fresh buy,2023-09-18,44.70000076293945,Reversal entry
DYNAMATECH.NS,fresh buy,2023-09-18,4126.35009765625,Reversal entry
ENDURANCE.NS,fresh buy,2023-09-18,1649.6500244140625,Reversal entry
FINEORG.NS,fresh buy,2023-09-18,5091.7998046875,Golden entry
HEMIPROP.NS,fresh buy,2023-09-18,120.5999984741211,Reversal entry
JUBLPHARMA.NS,fresh buy,2023-09-18,442.8999938964844,Reversal entry
MONARCH.NS,fresh buy,2023-09-18,342.1499938964844,Reversal entry
PRUDENT.NS,fresh buy,2023-09-18,1168.6500244140625,Reversal entry
RAMCOSYS.NS,fresh buy,2023-09-18,313.3999938964844,Golden entry
TATAINVEST.NS,fresh buy,2023-09-18,2689.14990234375,Golden entry
TV18BRDCST.NS,fresh buy,2023-09-18,46.59999847412109,Reversal entry
AUBANK.NS,fresh buy,2023-09-20,755.4500122070312,Reversal entry
CLSEL.NS,fresh buy,2023-09-20,226.8000030517578,Golden entry
CSLFINANCE.NS,fresh buy,2023-09-20,328.75,Reversal entry
DCBBANK.NS,fresh buy,2023-09-20,123.9499969482422,Reversal entry
DYNPRO.NS,fresh buy,2023-09-20,361.6000061035156,Reversal entry
ERIS.NS,fresh buy,2023-09-20,824.0499877929688,Reversal entry
ELECTCAST.NS,fresh buy,2023-09-20,65.30000305175781,Reversal entry
FORTIS.NS,fresh buy,2023-09-20,336.75,Reversal entry
GRPLTD.NS,fresh buy,2023-09-20,3850.0,Reversal entry
HIRECT.NS,fresh buy,2023-09-20,362.0,Reversal entry
JKTYRE.NS,fresh buy,2023-09-20,272.20001220703125,Reversal entry
KIRLOSENG.NS,fresh buy,2023-09-20,488.9500122070313,Reversal entry
MOLDTECH.NS,fresh buy,2023-09-20,363.6499938964844,Reversal entry
MSPL.NS,fresh buy,2023-09-20,13.0,Golden entry
NIPPOBATRY.NS,fresh buy,2023-09-20,455.1000061035156,Reversal entry
PATANJALI.NS,fresh buy,2023-09-20,1299.25,Reversal entry
RSWM.NS,fresh buy,2023-09-20,202.0,Reversal entry
SONACOMS.NS,fresh buy,2023-09-20,603.2000122070312,Golden entry
TRITURBINE.NS,fresh buy,2023-09-20,435.0,Golden entry
3MINDIA.NS,fresh buy,2023-09-22,31285.099609375,Reversal entry
CENTURYTEX.NS,fresh buy,2023-09-22,1086.5,Reversal entry
FILATEX.NS,fresh buy,2023-09-22,46.900001525878906,Reversal entry
GRPLTD.NS,fresh buy,2023-09-22,3900.0,Reversal entry
HUDCO.NS,fresh buy,2023-09-22,85.80000305175781,Golden entry
KRISHANA.NS,fresh buy,2023-09-22,472.5,Reversal entry
NELCAST.NS,fresh buy,2023-09-22,146.5500030517578,Reversal entry
OSWALAGRO.NS,fresh buy,2023-09-22,33.400001525878906,Reversal entry
PARSVNATH.NS,fresh buy,2023-09-22,10.25,Reversal entry
PFOCUS.NS,fresh buy,2023-09-22,98.0,Reversal entry
RBLBANK.NS,fresh buy,2023-09-22,233.0,Reversal entry
UFO.NS,fresh buy,2023-09-22,110.8000030517578,Reversal entry
ALLSEC.NS,fresh buy,2023-09-25,605.8499755859375,Reversal entry
ASIANPAINT.NS,fresh buy,2023-09-25,3323.25,Reversal entry
DCXINDIA.NS,fresh buy,2023-09-25,306.95001220703125,Reversal entry
DCMSRIND.NS,fresh buy,2023-09-25,140.14999389648438,Reversal entry
CYBERTECH.NS,fresh buy,2023-09-25,138.4499969482422,Reversal entry
DYNPRO.NS,fresh buy,2023-09-25,362.25,Reversal entry
FINCABLES.NS,fresh buy,2023-09-25,1102.050048828125,Reversal entry
GSFC.NS,fresh buy,2023-09-25,175.9499969482422,Reversal entry
GRPLTD.NS,fresh buy,2023-09-25,3978.0,Reversal entry
HMVL.NS,fresh buy,2023-09-25,70.1500015258789,Reversal entry
ICEMAKE.NS,fresh buy,2023-09-25,534.2999877929688,Reversal entry
INDRAMEDCO.NS,fresh buy,2023-09-25,169.0500030517578,Reversal entry
IRCTC.NS,fresh buy,2023-09-25,689.2000122070312,Reversal entry
JKIL.NS,fresh buy,2023-09-25,428.3500061035156,Reversal entry
KKCL.NS,fresh buy,2023-09-25,712.7000122070312,Reversal entry
MANORAMA.NS,fresh buy,2023-09-25,1890.4000244140625,Reversal entry
MANINFRA.NS,fresh buy,2023-09-25,151.9499969482422,Reversal entry
MINDTECK.NS,fresh buy,2023-09-25,145.10000610351562,Golden entry
NLCINDIA.NS,fresh buy,2023-09-25,135.1999969482422,Reversal entry
PRESTIGE.NS,fresh buy,2023-09-25,609.6500244140625,Reversal entry
SAFARI.NS,fresh buy,2023-09-25,3792.949951171875,Reversal entry
SBC.NS,fresh buy,2023-09-25,22.350000381469727,Reversal entry
SBGLP.NS,fresh buy,2023-09-25,359.3500061035156,Golden entry
SHK.NS,fresh buy,2023-09-25,160.5500030517578,Reversal entry
SINTERCOM.NS,fresh buy,2023-09-25,129.9499969482422,Reversal entry
SKYGOLD.NS,fresh buy,2023-09-25,302.3999938964844,Reversal entry
SONATSOFTW.NS,fresh buy,2023-09-25,1090.25,Reversal entry
STYLAMIND.NS,fresh buy,2023-09-25,1728.3499755859375,Reversal entry
SUTLEJTEX.NS,fresh buy,2023-09-25,55.150001525878906,Reversal entry
WONDERLA.NS,fresh buy,2023-09-25,687.7000122070312,Golden entry
ZENSARTECH.NS,fresh buy,2023-09-25,530.2999877929688,Reversal entry
ZUARIIND.NS,fresh buy,2023-09-25,155.85000610351562,Reversal entry
ACCELYA.NS,fresh buy,2023-09-29,1630.75,Golden entry
AJANTPHARM.NS,fresh buy,2023-09-29,1799.9000244140625,Reversal entry
APLLTD.NS,fresh buy,2023-09-29,784.4500122070312,Reversal entry
BANCOINDIA.NS,fresh buy,2023-09-29,497.1499938964844,Reversal entry
BECTORFOOD.NS,fresh buy,2023-09-29,1042.699951171875,Reversal entry
BEL.NS,fresh buy,2023-09-29,138.3000030517578,Reversal entry
CAMS.NS,fresh buy,2023-09-29,2510.550048828125,Reversal entry
CINELINE.NS,fresh buy,2023-09-29,116.3499984741211,Reversal entry
DECCANCE.NS,fresh buy,2023-09-29,540.25,Reversal entry
DIVISLAB.NS,fresh buy,2023-09-29,3765.14990234375,Reversal entry
EDELWEISS.NS,fresh buy,2023-09-29,61.25,Reversal entry
ENIL.NS,fresh buy,2023-09-29,158.4499969482422,Golden entry
FOCUS.NS,fresh buy,2023-09-29,837.2999877929688,Golden entry
GAIL.NS,fresh buy,2023-09-29,124.4000015258789,Reversal entry
GLENMARK.NS,fresh buy,2023-09-29,855.5,Reversal entry
GNFC.NS,fresh buy,2023-09-29,612.0999755859375,Reversal entry
GOCLCORP.NS,fresh buy,2023-09-29,470.5499877929688,Reversal entry
GODFRYPHLP.NS,fresh buy,2023-09-29,2177.5,Reversal entry
GREENPANEL.NS,fresh buy,2023-09-29,379.9500122070313,Reversal entry
GUJALKALI.NS,fresh buy,2023-09-29,732.6500244140625,Reversal entry
HEROMOTOCO.NS,fresh buy,2023-09-29,3057.25,Reversal entry
HINDALCO.NS,fresh buy,2023-09-29,492.6499938964844,Reversal entry
HINDCOPPER.NS,fresh buy,2023-09-29,162.39999389648438,Reversal entry
JBCHEPHARM.NS,fresh buy,2023-09-29,1482.0999755859375,Reversal entry
KCP.NS,fresh buy,2023-09-29,119.1500015258789,Reversal entry
KINGFA.NS,fresh buy,2023-09-29,2376.89990234375,Reversal entry
KITEX.NS,fresh buy,2023-09-29,207.6499938964844,Golden entry
KOTHARIPET.NS,fresh buy,2023-09-29,120.5500030517578,Reversal entry
L&TFH.NS,fresh buy,2023-09-29,133.10000610351562,Reversal entry
LIBERTSHOE.NS,fresh buy,2023-09-29,265.1000061035156,Golden entry
MSUMI.NS,fresh buy,2023-09-29,64.44999694824219,Reversal entry
MONTECARLO.NS,fresh buy,2023-09-29,797.1500244140625,Reversal entry
MSTCLTD.NS,fresh buy,2023-09-29,430.8500061035156,Reversal entry
NATIONALUM.NS,fresh buy,2023-09-29,97.1999969482422,Reversal entry
NLCINDIA.NS,fresh buy,2023-09-29,134.9499969482422,Reversal entry
NITINSPIN.NS,fresh buy,2023-09-29,292.1000061035156,Reversal entry
OBEROIRLTY.NS,fresh buy,2023-09-29,1154.3499755859375,Reversal entry
PAISALO.NS,fresh buy,2023-09-29,64.44999694824219,Reversal entry
PRIMESECU.NS,fresh buy,2023-09-29,156.0,Reversal entry
RATEGAIN.NS,fresh buy,2023-09-29,593.4500122070312,Reversal entry
RUBYMILLS.NS,fresh buy,2023-09-29,246.4499969482422,Reversal entry
SAIL.NS,fresh buy,2023-09-29,93.8499984741211,Reversal entry
SANOFI.NS,fresh buy,2023-09-29,7207.2998046875,Reversal entry
SCHAEFFLER.NS,fresh buy,2023-09-29,3314.89990234375,Reversal entry
SHRIRAMFIN.NS,fresh buy,2023-09-29,1919.3499755859373,Reversal entry
SOUTHWEST.NS,fresh buy,2023-09-29,135.60000610351562,Reversal entry
SPANDANA.NS,fresh buy,2023-09-29,834.4000244140625,Reversal entry
SPLPETRO.NS,fresh buy,2023-09-29,478.2000122070313,Reversal entry
SUNTV.NS,fresh buy,2023-09-29,612.1500244140625,Reversal entry
SUNPHARMA.NS,fresh buy,2023-09-29,1158.6500244140625,Reversal entry
TATAMOTORS.NS,fresh buy,2023-09-29,630.2000122070312,Reversal entry
TBZ.NS,fresh buy,2023-09-29,117.25,Reversal entry
THYROCARE.NS,fresh buy,2023-09-29,568.2999877929688,Reversal entry
UNIVPHOTO.NS,fresh buy,2023-09-29,444.3500061035156,Reversal entry
UNICHEMLAB.NS,fresh buy,2023-09-29,418.0,Reversal entry
VASCONEQ.NS,fresh buy,2023-09-29,58.75,Reversal entry
VISAKAIND.NS,fresh buy,2023-09-29,91.4499969482422,Reversal entry
ZODIACLOTH.NS,fresh buy,2023-09-29,137.0,Golden entry
ACC.NS,fresh buy,2023-10-03,2034.9000244140625,Reversal entry
ADVANIHOTR.NS,fresh buy,2023-10-03,91.8499984741211,Reversal entry
ASAHISONG.NS,fresh buy,2023-10-03,250.8999938964844,Reversal entry
BALAJITELE.NS,fresh buy,2023-10-03,70.19999694824219,Reversal entry
BHAGCHEM.NS,fresh buy,2023-10-03,1304.0,Reversal entry
BHAGERIA.NS,fresh buy,2023-10-03,163.39999389648438,Reversal entry
BIOCON.NS,fresh buy,2023-10-03,272.70001220703125,Reversal entry
CARTRADE.NS,fresh buy,2023-10-03,584.7999877929688,Reversal entry
BSOFT.NS,fresh buy,2023-10-03,496.8500061035156,Reversal entry
CONFIPET.NS,fresh buy,2023-10-03,89.5999984741211,Reversal entry
DEEPINDS.NS,fresh buy,2023-10-03,282.8999938964844,Golden entry
E2E.NS,fresh buy,2023-10-03,421.2000122070313,Golden entry
ELIN.NS,fresh buy,2023-10-03,175.60000610351562,Golden entry
ELGIEQUIP.NS,fresh buy,2023-10-03,514.9000244140625,Reversal entry
EQUITASBNK.NS,fresh buy,2023-10-03,93.4499969482422,Reversal entry
EVERESTIND.NS,fresh buy,2023-10-03,1149.199951171875,Reversal entry
FINEORG.NS,fresh buy,2023-10-03,4865.10009765625,Reversal entry
FINPIPE.NS,fresh buy,2023-10-03,228.75,Reversal entry
GOYALALUM.NS,fresh buy,2023-10-03,10.600000381469728,Reversal entry
GOKULAGRO.NS,fresh buy,2023-10-03,115.6999969482422,Golden entry
GRPLTD.NS,fresh buy,2023-10-03,4012.0,Reversal entry
HBLPOWER.NS,fresh buy,2023-10-03,281.1499938964844,Reversal entry
HGINFRA.NS,fresh buy,2023-10-03,964.7000122070312,Reversal entry
IIFL.NS,fresh buy,2023-10-03,612.2999877929688,Golden entry
IONEXCHANG.NS,fresh buy,2023-10-03,533.2000122070312,Reversal entry
INDRAMEDCO.NS,fresh buy,2023-10-03,175.4499969482422,Reversal entry
IRCTC.NS,fresh buy,2023-10-03,703.5499877929688,Reversal entry
ITDCEM.NS,fresh buy,2023-10-03,224.3999938964844,Reversal entry
JAGRAN.NS,fresh buy,2023-10-03,105.9000015258789,Reversal entry
JAYNECOIND.NS,fresh buy,2023-10-03,36.04999923706055,Reversal entry
JINDALSAW.NS,fresh buy,2023-10-03,365.0,Reversal entry
JSL.NS,fresh buy,2023-10-03,495.5499877929688,Reversal entry
KEC.NS,fresh buy,2023-10-03,679.25,Reversal entry
LINC.NS,fresh buy,2023-10-03,768.7000122070312,Golden entry
MAANALU.NS,fresh buy,2023-10-03,87.3499984741211,Reversal entry
MEDANTA.NS,fresh buy,2023-10-03,747.25,Golden entry
MGL.NS,fresh buy,2023-10-03,1109.0999755859375,Reversal entry
MOTILALOFS.NS,fresh buy,2023-10-03,917.25,Reversal entry
MPSLTD.NS,fresh buy,2023-10-03,1557.25,Reversal entry
NETWORK18.NS,fresh buy,2023-10-03,68.55000305175781,Reversal entry
NURECA.NS,fresh buy,2023-10-03,396.1499938964844,Reversal entry
PAYTM.NS,fresh buy,2023-10-03,876.5999755859375,Reversal entry
PFIZER.NS,fresh buy,2023-10-03,3912.89990234375,Reversal entry
PNBHOUSING.NS,fresh buy,2023-10-03,742.2999877929688,Golden entry
PODDARMENT.NS,fresh buy,2023-10-03,359.6499938964844,Reversal entry
POLYMED.NS,fresh buy,2023-10-03,1423.800048828125,Reversal entry
PRESTIGE.NS,fresh buy,2023-10-03,618.0999755859375,Reversal entry
SANDESH.NS,fresh buy,2023-10-03,1062.6500244140625,Reversal entry
SANGAMIND.NS,fresh buy,2023-10-03,360.2999877929688,Golden entry
SHALPAINTS.NS,fresh buy,2023-10-03,164.10000610351562,Golden entry
STARCEMENT.NS,fresh buy,2023-10-03,161.0,Reversal entry
SUNDRMFAST.NS,fresh buy,2023-10-03,1287.5999755859375,Reversal entry
SYNCOMF.NS,fresh buy,2023-10-03,9.449999809265137,Golden entry
SYNGENE.NS,fresh buy,2023-10-03,810.6500244140625,Reversal entry
TEJASNET.NS,fresh buy,2023-10-03,892.9000244140625,Golden entry
TDPOWERSYS.NS,fresh buy,2023-10-03,264.54998779296875,Reversal entry
TMB.NS,fresh buy,2023-10-03,558.9500122070312,Reversal entry
TTKPRESTIG.NS,fresh buy,2023-10-03,797.3499755859375,Reversal entry
VIJAYA.NS,fresh buy,2023-10-03,505.5499877929688,Golden entry
VOLTAS.NS,fresh buy,2023-10-03,874.0499877929688,Reversal entry
WHIRLPOOL.NS,fresh buy,2023-10-03,1649.8499755859375,Reversal entry
ZENSARTECH.NS,fresh buy,2023-10-03,529.5999755859375,Reversal entry
ALBERTDAVD.NS,fresh buy,2023-10-04,801.7000122070312,Golden entry
BBOX.NS,fresh buy,2023-10-04,211.5500030517578,Reversal entry
BIL.NS,fresh buy,2023-10-04,215.0,Reversal entry
CINELINE.NS,fresh buy,2023-10-04,121.0,Golden entry
DMART.NS,fresh buy,2023-10-04,3872.949951171875,Reversal entry
FCSSOFT.NS,fresh buy,2023-10-04,2.650000095367432,Reversal entry
HEG.NS,fresh buy,2023-10-04,1791.25,Reversal entry
KPIGREEN.NS,fresh buy,2023-10-04,881.5999755859375,Reversal entry
MAANALU.NS,fresh buy,2023-10-04,87.75,Reversal entry
MAYURUNIQ.NS,fresh buy,2023-10-04,538.1500244140625,Reversal entry
MENONBE.NS,fresh buy,2023-10-04,150.5,Reversal entry
NAVNETEDUL.NS,fresh buy,2023-10-04,165.8000030517578,Golden entry
NCLIND.NS,fresh buy,2023-10-04,235.3500061035156,Reversal entry
SUTLEJTEX.NS,fresh buy,2023-10-04,57.5,Reversal entry
THEJO.NS,fresh buy,2023-10-03,1652.449951171875,Reversal entry
WEALTH.NS,fresh buy,2023-10-04,386.3500061035156,Reversal entry
ADVENZYMES.NS,fresh buy,2023-10-05,327.3500061035156,Reversal entry
BSOFT.NS,fresh buy,2023-10-05,513.3499755859375,Reversal entry
BOMDYEING.NS,fresh buy,2023-10-05,143.75,Reversal entry
DECCANCE.NS,fresh buy,2023-10-05,544.1500244140625,Reversal entry
EMIL.NS,fresh buy,2023-10-05,143.3000030517578,Reversal entry
HEIDELBERG.NS,fresh buy,2023-10-05,195.0,Golden entry
INDHOTEL.NS,fresh buy,2023-10-05,417.5,Reversal entry
INDORAMA.NS,fresh buy,2023-10-05,50.09999847412109,Reversal entry
JAYNECOIND.NS,fresh buy,2023-10-05,37.150001525878906,Reversal entry
JAMNAAUTO.NS,fresh buy,2023-10-05,118.25,Reversal entry
JAICORPLTD.NS,fresh buy,2023-10-05,234.3500061035156,Reversal entry
KALYANKJIL.NS,fresh buy,2023-10-05,234.3999938964844,Reversal entry
KCP.NS,fresh buy,2023-10-05,129.9499969482422,Golden entry
KECL.NS,fresh buy,2023-10-05,120.5500030517578,Reversal entry
KERNEX.NS,fresh buy,2023-10-05,466.3500061035156,Reversal entry
KOLTEPATIL.NS,fresh buy,2023-10-05,468.2000122070313,Reversal entry
KIRLOSBROS.NS,fresh buy,2023-10-05,885.2999877929688,Reversal entry
LYKALABS.NS,fresh buy,2023-10-05,120.0999984741211,Golden entry
MIRZAINT.NS,fresh buy,2023-10-05,48.04999923706055,Reversal entry
MPHASIS.NS,fresh buy,2023-10-05,2471.199951171875,Reversal entry
NHPC.NS,fresh buy,2023-10-05,53.04999923706055,Reversal entry
PAYTM.NS,fresh buy,2023-10-05,895.0999755859375,Reversal entry
PRUDENT.NS,fresh buy,2023-10-05,1202.800048828125,Reversal entry
SAKAR.NS,fresh buy,2023-10-05,354.6499938964844,Reversal entry
SIS.NS,fresh buy,2023-10-05,480.1499938964844,Reversal entry
SURYAROSNI.NS,fresh buy,2023-10-05,965.75,Reversal entry
TITAN.NS,fresh buy,2023-10-05,3216.5,Reversal entry
UFO.NS,fresh buy,2023-10-05,111.5500030517578,Reversal entry
VIKASECO.NS,fresh buy,2023-10-05,3.5999999046325684,Reversal entry
ZENSARTECH.NS,fresh buy,2023-10-05,536.25,Reversal entry
AJMERA.NS,fresh buy,2023-10-06,390.6499938964844,Reversal entry
AHLUCONT.NS,fresh buy,2023-10-06,730.0999755859375,Reversal entry
BHARATFORG.NS,fresh buy,2023-10-06,1091.9000244140625,Reversal entry
BIL.NS,fresh buy,2023-10-06,223.1499938964844,Reversal entry
CMSINFO.NS,fresh buy,2023-10-06,370.5,Reversal entry
CONTROLPR.NS,fresh buy,2023-10-06,787.9500122070312,Reversal entry
DBL.NS,fresh buy,2023-10-06,325.79998779296875,Reversal entry
DHARMAJ.NS,fresh buy,2023-10-06,229.4499969482422,Reversal entry
DIVISLAB.NS,fresh buy,2023-10-06,3721.800048828125,Reversal entry
DOLLAR.NS,fresh buy,2023-10-06,443.2999877929688,Reversal entry
DLINKINDIA.NS,fresh buy,2023-10-06,336.3500061035156,Reversal entry
GICRE.NS,fresh buy,2023-10-06,225.3000030517578,Reversal entry
GODREJAGRO.NS,fresh buy,2023-10-06,515.0,Golden entry
GOACARBON.NS,fresh buy,2023-10-06,550.1500244140625,Reversal entry
GMRINFRA.NS,fresh buy,2023-10-06,61.59999847412109,Reversal entry
GODREJPROP.NS,fresh buy,2023-10-06,1675.0,Reversal entry
HINDMOTORS.NS,fresh buy,2023-10-06,17.649999618530273,Golden entry
INDUSINDBK.NS,fresh buy,2023-10-06,1434.800048828125,Reversal entry
INOXWIND.NS,fresh buy,2023-10-06,209.3500061035156,Reversal entry
ISEC.NS,fresh buy,2023-10-06,628.3499755859375,Reversal entry
ITDC.NS,fresh buy,2023-10-06,395.1000061035156,Reversal entry
LSIL.NS,fresh buy,2023-10-06,44.25,Reversal entry
MARKSANS.NS,fresh buy,2023-10-06,109.0999984741211,Reversal entry
MONARCH.NS,fresh buy,2023-10-06,389.0499877929688,Golden entry
MINDACORP.NS,fresh buy,2023-10-06,335.6499938964844,Reversal entry
NEULANDLAB.NS,fresh buy,2023-10-06,3930.800048828125,Golden entry
NLCINDIA.NS,fresh buy,2023-10-06,139.1999969482422,Reversal entry
ONMOBILE.NS,fresh buy,2023-10-06,115.75,Reversal entry
ORICONENT.NS,fresh buy,2023-10-06,26.600000381469727,Reversal entry
ORIENTHOT.NS,fresh buy,2023-10-06,93.5999984741211,Reversal entry
POLYMED.NS,fresh buy,2023-10-06,1418.75,Reversal entry
PUNJABCHEM.NS,fresh buy,2023-10-06,1217.0,Reversal entry
REPCOHOME.NS,fresh buy,2023-10-06,394.8500061035156,Reversal entry
ROHLTD.NS,fresh buy,2023-10-06,328.3500061035156,Reversal entry
SARLAPOLY.NS,fresh buy,2023-10-06,52.20000076293945,Reversal entry
SEJALLTD.NS,fresh buy,2023-10-06,239.3000030517578,Reversal entry
SHAREINDIA.NS,fresh buy,2023-10-06,1401.3499755859375,Golden entry
SIYSIL.NS,fresh buy,2023-10-06,571.1500244140625,Reversal entry
STEELCAS.NS,fresh buy,2023-10-06,681.4000244140625,Reversal entry
TATACONSUM.NS,fresh buy,2023-10-06,874.75,Reversal entry
TBZ.NS,fresh buy,2023-10-06,116.9499969482422,Reversal entry
THANGAMAYL.NS,fresh buy,2023-10-06,1330.0,Golden entry
TRIDENT.NS,fresh buy,2023-10-06,38.5,Reversal entry
VENKEYS.NS,fresh buy,2023-10-06,2051.0,Golden entry
VIDHIING.NS,fresh buy,2023-10-06,443.2999877929688,Reversal entry
AXISCADES.NS,fresh buy,2023-10-09,576.1500244140625,Reversal entry
BIL.NS,fresh buy,2023-10-09,221.4499969482422,Golden entry
FINEORG.NS,fresh buy,2023-10-09,4904.89990234375,Reversal entry
HMVL.NS,fresh buy,2023-10-09,79.69999694824219,Golden entry
JETAIRWAYS.NS,fresh buy,2023-10-09,67.5,Reversal entry
LAURUSLABS.NS,fresh buy,2023-10-09,399.1499938964844,Reversal entry
MICEL.NS,fresh buy,2023-10-09,32.54999923706055,Golden entry
PGEL.NS,fresh buy,2023-10-09,1875.75,Reversal entry
TATACOFFEE.NS,fresh buy,2023-10-09,258.20001220703125,Reversal entry
TRENT.NS,fresh buy,2023-10-09,2079.050048828125,Reversal entry
WALCHANNAG.NS,fresh buy,2023-10-09,131.9499969482422,Golden entry
AXISBANK.NS,fresh buy,2023-10-10,1012.25,Reversal entry
BECTORFOOD.NS,fresh buy,2023-10-10,1079.5,Golden entry
BEL.NS,fresh buy,2023-10-10,139.9499969482422,Reversal entry
BOSCHLTD.NS,fresh buy,2023-10-10,19717.75,Golden entry
BOMDYEING.NS,fresh buy,2023-10-10,150.0500030517578,Reversal entry
CENTENKA.NS,fresh buy,2023-10-10,440.7999877929688,Reversal entry
CRISIL.NS,fresh buy,2023-10-10,4070.64990234375,Reversal entry
CREST.NS,fresh buy,2023-10-10,246.6999969482422,Reversal entry
DAAWAT.NS,fresh buy,2023-10-10,172.5500030517578,Reversal entry
DELHIVERY.NS,fresh buy,2023-10-10,433.6000061035156,Reversal entry
DCW.NS,fresh buy,2023-10-10,56.25,Reversal entry
DOLLAR.NS,fresh buy,2023-10-10,434.25,Reversal entry
ELDEHSG.NS,fresh buy,2023-10-10,769.2000122070312,Reversal entry
FIVESTAR.NS,fresh buy,2023-10-10,729.0999755859375,Reversal entry
FEDERALBNK.NS,fresh buy,2023-10-10,147.9499969482422,Reversal entry
GANESHHOUC.NS,fresh buy,2023-10-10,440.0499877929688,Reversal entry
GNFC.NS,fresh buy,2023-10-10,622.4000244140625,Reversal entry
GODFRYPHLP.NS,fresh buy,2023-10-10,2263.699951171875,Golden entry
HERCULES.NS,fresh buy,2023-10-10,325.5,Reversal entry
HOMEFIRST.NS,fresh buy,2023-10-10,855.7000122070312,Reversal entry
HITECHCORP.NS,fresh buy,2023-10-10,248.9499969482422,Reversal entry
IGPL.NS,fresh buy,2023-10-10,530.7999877929688,Reversal entry
INDNIPPON.NS,fresh buy,2023-10-10,498.0,Reversal entry
INDUSTOWER.NS,fresh buy,2023-10-10,187.4499969482422,Reversal entry
INDORAMA.NS,fresh buy,2023-10-10,50.95000076293945,Reversal entry
ISEC.NS,fresh buy,2023-10-10,629.5499877929688,Reversal entry
JASH.NS,fresh buy,2023-10-10,1484.449951171875,Reversal entry
JINDALSTEL.NS,fresh buy,2023-10-10,693.2000122070312,Reversal entry
KPITTECH.NS,fresh buy,2023-10-10,1165.050048828125,Reversal entry
KOTHARIPET.NS,fresh buy,2023-10-10,137.25,Golden entry
MAANALU.NS,fresh buy,2023-10-10,87.05000305175781,Reversal entry
MARUTI.NS,fresh buy,2023-10-10,10375.0,Reversal entry
MENONBE.NS,fresh buy,2023-10-10,154.1999969482422,Reversal entry
MINDACORP.NS,fresh buy,2023-10-10,334.29998779296875,Reversal entry
MRPL.NS,fresh buy,2023-10-10,96.4000015258789,Reversal entry
NATIONALUM.NS,fresh buy,2023-10-10,97.0,Reversal entry
NCC.NS,fresh buy,2023-10-10,157.9499969482422,Reversal entry
NEWGEN.NS,fresh buy,2023-10-10,915.4000244140624,Reversal entry
NUCLEUS.NS,fresh buy,2023-10-10,1120.3499755859375,Reversal entry
OBEROIRLTY.NS,fresh buy,2023-10-10,1152.4000244140625,Reversal entry
PATANJALI.NS,fresh buy,2023-10-10,1299.1500244140625,Reversal entry
PENINLAND.NS,fresh buy,2023-10-10,36.04999923706055,Reversal entry
PERSISTENT.NS,fresh buy,2023-10-10,5757.14990234375,Reversal entry
PITTIENG.NS,fresh buy,2023-10-10,650.5499877929688,Reversal entry
PRECAM.NS,fresh buy,2023-10-10,283.1499938964844,Reversal entry
PRIMESECU.NS,fresh buy,2023-10-10,153.5,Reversal entry
RITCO.NS,fresh buy,2023-10-10,241.5500030517578,Reversal entry
RGL.NS,fresh buy,2023-10-10,106.1999969482422,Reversal entry
SCPL.NS,fresh buy,2023-10-10,462.1000061035156,Reversal entry
SKIPPER.NS,fresh buy,2023-10-10,235.1000061035156,Reversal entry
SPANDANA.NS,fresh buy,2023-10-10,809.0499877929688,Reversal entry
TARC.NS,fresh buy,2023-10-10,92.6999969482422,Reversal entry
SUTLEJTEX.NS,fresh buy,2023-10-10,55.5,Reversal entry
TALBROAUTO.NS,fresh buy,2023-10-10,1032.800048828125,Reversal entry
TATAMOTORS.NS,fresh buy,2023-10-10,630.5499877929688,Reversal entry
TPLPLASTEH.NS,fresh buy,2023-10-10,44.900001525878906,Reversal entry
VAIBHAVGBL.NS,fresh buy,2023-10-10,436.7000122070313,Reversal entry
ZENSARTECH.NS,fresh buy,2023-10-10,548.4000244140625,Reversal entry
ACC.NS,fresh buy,2023-10-11,2038.699951171875,Reversal entry
APLLTD.NS,fresh buy,2023-10-11,810.2999877929688,Golden entry
APLAPOLLO.NS,fresh buy,2023-10-11,1669.3499755859375,Reversal entry
APOLSINHOT.NS,fresh buy,2023-10-11,1635.0,Reversal entry
ASHIANA.NS,fresh buy,2023-10-11,223.6000061035156,Golden entry
BIRLACORPN.NS,fresh buy,2023-10-11,1277.9000244140625,Reversal entry
FINEORG.NS,fresh buy,2023-10-11,4901.7001953125,Reversal entry
GEOJITFSL.NS,fresh buy,2023-10-11,55.0,Reversal entry
GKWLIMITED.NS,fresh buy,2023-10-11,1094.1500244140625,Reversal entry
GTLINFRA.NS,fresh buy,2023-10-11,1.0,Reversal entry
HEROMOTOCO.NS,fresh buy,2023-10-11,3100.85009765625,Reversal entry
HINDUNILVR.NS,fresh buy,2023-10-11,2556.39990234375,Reversal entry
HIRECT.NS,fresh buy,2023-10-11,368.0,Golden entry
HITECH.NS,fresh buy,2023-10-11,87.5,Reversal entry
IFGLEXPOR.NS,fresh buy,2023-10-11,506.9500122070313,Reversal entry
INDOSTAR.NS,fresh buy,2023-10-11,181.8000030517578,Reversal entry
IRISDOREME.NS,fresh buy,2023-10-11,90.0999984741211,Reversal entry
IOLCP.NS,fresh buy,2023-10-11,477.2000122070313,Reversal entry
JPASSOCIAT.NS,fresh buy,2023-10-11,12.399999618530272,Reversal entry
JKPAPER.NS,fresh buy,2023-10-11,400.2999877929688,Reversal entry
JPPOWER.NS,fresh buy,2023-10-11,9.899999618530272,Reversal entry
LXCHEM.NS,fresh buy,2023-10-11,302.20001220703125,Reversal entry
MCDOWELL-N.NS,fresh buy,2023-10-11,1050.3499755859375,Reversal entry
MIDHANI.NS,fresh buy,2023-10-11,456.8999938964844,Golden entry
MOIL.NS,fresh buy,2023-10-11,229.5500030517578,Reversal entry
PHOENIXLTD.NS,fresh buy,2023-10-11,1924.300048828125,Golden entry
PPL.NS,fresh buy,2023-10-11,285.95001220703125,Reversal entry
PREMEXPLN.NS,fresh buy,2023-10-11,1114.949951171875,Reversal entry
SAGCEM.NS,fresh buy,2023-10-11,242.6499938964844,Golden entry
SATIA.NS,fresh buy,2023-10-11,134.0500030517578,Reversal entry
SCHNEIDER.NS,fresh buy,2023-10-11,354.25,Reversal entry
SJS.NS,fresh buy,2023-10-11,698.6500244140625,Reversal entry
SPAL.NS,fresh buy,2023-10-11,558.75,Reversal entry
SPENCERS.NS,fresh buy,2023-10-11,70.0,Reversal entry
STARCEMENT.NS,fresh buy,2023-10-11,165.8000030517578,Reversal entry
TASTYBITE.NS,fresh buy,2023-10-11,16914.349609375,Reversal entry
TANLA.NS,fresh buy,2023-10-11,1104.0999755859375,Reversal entry
TRIGYN.NS,fresh buy,2023-10-11,128.60000610351562,Reversal entry
TRENT.NS,fresh buy,2023-10-11,2101.300048828125,Reversal entry
UFLEX.NS,fresh buy,2023-10-11,444.5,Reversal entry
WINDLAS.NS,fresh buy,2023-10-11,369.0,Reversal entry
WELSPUNIND.NS,fresh buy,2023-10-11,124.3499984741211,Reversal entry
ABFRL.NS,fresh buy,2023-10-16,227.1499938964844,Reversal entry
ADORWELD.NS,fresh buy,2023-10-16,1190.699951171875,Reversal entry
BEML.NS,fresh buy,2023-10-16,2416.10009765625,Reversal entry
CERA.NS,fresh buy,2023-10-16,9000.5498046875,Reversal entry
CHEMFAB.NS,fresh buy,2023-10-16,387.75,Golden entry
COCHINSHIP.NS,fresh buy,2023-10-16,1059.550048828125,Reversal entry
DPSCLTD.NS,fresh buy,2023-10-16,16.600000381469727,Reversal entry
DWARKESH.NS,fresh buy,2023-10-16,101.4000015258789,Reversal entry
EICHERMOT.NS,fresh buy,2023-10-16,3486.60009765625,Reversal entry
GANESHHOUC.NS,fresh buy,2023-10-16,442.0499877929688,Reversal entry
GATI.NS,fresh buy,2023-10-16,162.8000030517578,Reversal entry
GEPIL.NS,fresh buy,2023-10-16,181.1499938964844,Reversal entry
GICRE.NS,fresh buy,2023-10-16,223.8999938964844,Reversal entry
HFCL.NS,fresh buy,2023-10-16,75.80000305175781,Reversal entry
HINDCOPPER.NS,fresh buy,2023-10-16,160.14999389648438,Reversal entry
HUHTAMAKI.NS,fresh buy,2023-10-16,280.8999938964844,Reversal entry
IONEXCHANG.NS,fresh buy,2023-10-16,584.9000244140625,Golden entry
ITDC.NS,fresh buy,2023-10-16,469.3999938964844,Golden entry
JISLJALEQS.NS,fresh buy,2023-10-16,65.05000305175781,Reversal entry
MAANALU.NS,fresh buy,2023-10-16,96.9000015258789,Reversal entry
NAVKARCORP.NS,fresh buy,2023-10-16,63.400001525878906,Reversal entry
NFL.NS,fresh buy,2023-10-16,78.0,Reversal entry
NUVOCO.NS,fresh buy,2023-10-16,369.0,Reversal entry
OSIAHYPER.NS,fresh buy,2023-10-16,52.79999923706055,Golden entry
PGHL.NS,fresh buy,2023-10-16,5167.89990234375,Reversal entry
POWERINDIA.NS,fresh buy,2023-10-16,4549.9501953125,Reversal entry
PTL.NS,fresh buy,2023-10-16,40.59999847412109,Reversal entry
PRSMJOHNSN.NS,fresh buy,2023-10-16,133.3000030517578,Reversal entry
RPGLIFE.NS,fresh buy,2023-10-16,1380.5,Golden entry
SALZERELEC.NS,fresh buy,2023-10-16,417.75,Golden entry
SARLAPOLY.NS,fresh buy,2023-10-16,52.70000076293945,Reversal entry
SHYAMCENT.NS,fresh buy,2023-10-16,22.0,Golden entry
SPIC.NS,fresh buy,2023-10-16,75.6500015258789,Reversal entry
STCINDIA.NS,fresh buy,2023-10-16,153.9499969482422,Golden entry
SUPREMEIND.NS,fresh buy,2023-10-16,4338.9501953125,Reversal entry
SWANENERGY.NS,fresh buy,2023-10-16,320.5,Golden entry
TIIL.NS,fresh buy,2023-10-16,2237.39990234375,Golden entry
TFCILTD.NS,fresh buy,2023-10-16,105.4000015258789,Reversal entry
UFLEX.NS,fresh buy,2023-10-16,450.1000061035156,Reversal entry
UPL.NS,fresh buy,2023-10-16,630.9500122070312,Reversal entry
VAKRANGEE.NS,fresh buy,2023-10-16,20.600000381469727,Reversal entry
VENUSREM.NS,fresh buy,2023-10-16,272.8999938964844,Reversal entry
AMBER.NS,fresh buy,2023-10-30,2986.10009765625,Reversal entry
DLF.NS,fresh buy,2023-10-30,554.4500122070312,Reversal entry
ERIS.NS,fresh buy,2023-10-30,859.5499877929688,Reversal entry
HBLPOWER.NS,fresh buy,2023-10-30,290.6499938964844,Reversal entry
HIMATSEIDE.NS,fresh buy,2023-10-30,152.75,Reversal entry
IDEA.NS,fresh buy,2023-10-30,11.649999618530272,Reversal entry
IRB.NS,fresh buy,2023-10-30,34.20000076293945,Golden entry
KPITTECH.NS,fresh buy,2023-10-30,1185.4000244140625,Reversal entry
MAGADSUGAR.NS,fresh buy,2023-10-30,748.2999877929688,Golden entry
MRPL.NS,fresh buy,2023-10-30,105.8499984741211,Reversal entry
MUTHOOTFIN.NS,fresh buy,2023-10-30,1326.949951171875,Reversal entry
NEULANDLAB.NS,fresh buy,2023-10-30,3849.449951171875,Reversal entry
NLCINDIA.NS,fresh buy,2023-10-30,135.60000610351562,Reversal entry
ONGC.NS,fresh buy,2023-10-30,188.8000030517578,Reversal entry
PATANJALI.NS,fresh buy,2023-10-30,1308.75,Reversal entry
PFS.NS,fresh buy,2023-10-30,29.549999237060547,Reversal entry
RAMKY.NS,fresh buy,2023-10-30,597.7000122070312,Reversal entry
SAKSOFT.NS,fresh buy,2023-10-30,367.2999877929688,Reversal entry
SATIN.NS,fresh buy,2023-10-30,243.3000030517578,Reversal entry
SINTERCOM.NS,fresh buy,2023-10-30,129.9499969482422,Reversal entry
SILINV.NS,fresh buy,2023-10-30,341.29998779296875,Reversal entry
SUPREMEIND.NS,fresh buy,2023-10-30,4522.10009765625,Reversal entry
TATACOFFEE.NS,fresh buy,2023-10-30,260.6499938964844,Reversal entry
THOMASCOOK.NS,fresh buy,2023-10-30,130.64999389648438,Reversal entry
XPROINDIA.NS,fresh buy,2023-10-30,1031.0999755859375,Reversal entry
ADANIPOWER.NS,fresh buy,2023-11-06,394.0,Golden entry
20MICRONS.NS,fresh buy,2023-11-06,154.39999389648438,Golden entry
APOLLOTYRE.NS,fresh buy,2023-11-06,393.0,Reversal entry
AUTOIND.NS,fresh buy,2023-11-06,106.8499984741211,Reversal entry
AXISBANK.NS,fresh buy,2023-11-06,1009.4000244140624,Reversal entry
BALRAMCHIN.NS,fresh buy,2023-11-06,430.0499877929688,Reversal entry
BIKAJI.NS,fresh buy,2023-11-06,499.1499938964844,Reversal entry
BHAGCHEM.NS,fresh buy,2023-11-06,1588.0,Reversal entry
BGRENERGY.NS,fresh buy,2023-11-06,74.9000015258789,Reversal entry
BLKASHYAP.NS,fresh buy,2023-11-06,68.0,Reversal entry
BRITANNIA.NS,fresh buy,2023-11-06,4623.60009765625,Reversal entry
CAPLIPOINT.NS,fresh buy,2023-11-06,1091.449951171875,Reversal entry
CHEMBOND.NS,fresh buy,2023-11-06,442.4500122070313,Reversal entry
CONFIPET.NS,fresh buy,2023-11-06,85.19999694824219,Reversal entry
CREATIVE.NS,fresh buy,2023-11-06,589.25,Golden entry
DALMIASUG.NS,fresh buy,2023-11-06,468.3999938964844,Golden entry
DEN.NS,fresh buy,2023-11-06,54.79999923706055,Golden entry
DPSCLTD.NS,fresh buy,2023-11-06,17.899999618530273,Golden entry
ELDEHSG.NS,fresh buy,2023-11-06,782.1500244140625,Golden entry
DREDGECORP.NS,fresh buy,2023-11-06,501.8500061035156,Reversal entry
ECLERX.NS,fresh buy,2023-11-06,2043.0999755859373,Reversal entry
EXIDEIND.NS,fresh buy,2023-11-06,267.75,Reversal entry
FIVESTAR.NS,fresh buy,2023-11-06,777.4500122070312,Reversal entry
FCSSOFT.NS,fresh buy,2023-11-06,2.900000095367432,Golden entry
GAEL.NS,fresh buy,2023-11-06,340.1499938964844,Reversal entry
GOKULAGRO.NS,fresh buy,2023-11-06,116.0,Reversal entry
HEROMOTOCO.NS,fresh buy,2023-11-06,3166.89990234375,Reversal entry
HINDMOTORS.NS,fresh buy,2023-11-06,16.549999237060547,Reversal entry
IMPAL.NS,fresh buy,2023-11-06,824.0499877929688,Reversal entry
INFIBEAM.NS,fresh buy,2023-11-06,20.600000381469727,Reversal entry
INDRAMEDCO.NS,fresh buy,2023-11-06,178.35000610351562,Golden entry
IOC.NS,fresh buy,2023-11-06,99.0,Reversal entry
ISMTLTD.NS,fresh buy,2023-11-06,85.69999694824219,Reversal entry
KAYNES.NS,fresh buy,2023-11-06,2455.35009765625,Reversal entry
KAYA.NS,fresh buy,2023-11-06,362.1499938964844,Reversal entry
KCPSUGIND.NS,fresh buy,2023-11-06,37.650001525878906,Reversal entry
KIRLOSENG.NS,fresh buy,2023-11-06,544.9500122070312,Reversal entry
KOTHARIPET.NS,fresh buy,2023-11-06,137.64999389648438,Reversal entry
KSB.NS,fresh buy,2023-11-06,3061.199951171875,Reversal entry
LIKHITHA.NS,fresh buy,2023-11-06,322.3999938964844,Reversal entry
LSIL.NS,fresh buy,2023-11-03,46.70000076293945,Reversal entry
METROPOLIS.NS,fresh buy,2023-11-06,1571.550048828125,Golden entry
MOIL.NS,fresh buy,2023-11-06,240.4499969482422,Reversal entry
NIACL.NS,fresh buy,2023-11-06,141.14999389648438,Reversal entry
NEULANDLAB.NS,fresh buy,2023-11-06,4038.449951171875,Reversal entry
OIL.NS,fresh buy,2023-11-06,311.29998779296875,Reversal entry
PONNIERODE.NS,fresh buy,2023-11-06,455.5,Reversal entry
PRIVISCL.NS,fresh buy,2023-11-06,1284.5999755859375,Golden entry
RAILTEL.NS,fresh buy,2023-11-06,240.5500030517578,Golden entry
ROTO.NS,fresh buy,2023-11-06,382.7999877929688,Reversal entry
RIIL.NS,fresh buy,2023-11-06,1044.300048828125,Reversal entry
RTNINDIA.NS,fresh buy,2023-11-06,59.59999847412109,Golden entry
SAKAR.NS,fresh buy,2023-11-06,371.75,Golden entry
SAKHTISUG.NS,fresh buy,2023-11-06,33.04999923706055,Reversal entry
SANDESH.NS,fresh buy,2023-11-06,1053.300048828125,Reversal entry
SHREECEM.NS,fresh buy,2023-11-06,26401.0,Reversal entry
SJS.NS,fresh buy,2023-11-06,700.4500122070312,Reversal entry
SNOWMAN.NS,fresh buy,2023-11-06,53.45000076293945,Reversal entry
SPARC.NS,fresh buy,2023-11-06,241.6499938964844,Reversal entry
SSWL.NS,fresh buy,2023-11-06,282.8999938964844,Reversal entry
SRF.NS,fresh buy,2023-11-06,2337.199951171875,Reversal entry
SUNPHARMA.NS,fresh buy,2023-11-06,1150.0,Reversal entry
TECHNOE.NS,fresh buy,2023-11-06,520.5499877929688,Reversal entry
THEINVEST.NS,fresh buy,2023-11-06,91.5,Reversal entry
TFCILTD.NS,fresh buy,2023-11-06,107.0,Golden entry
TIDEWATER.NS,fresh buy,2023-11-06,1202.449951171875,Reversal entry
TIIL.NS,fresh buy,2023-11-06,2237.10009765625,Golden entry
TORNTPOWER.NS,fresh buy,2023-11-06,748.6500244140625,Golden entry
TRIL.NS,fresh buy,2023-11-06,184.5,Golden entry
UJJIVANSFB.NS,fresh buy,2023-11-06,57.95000076293945,Reversal entry
UJJIVAN.NS,fresh buy,2023-11-06,561.5,Reversal entry
AARTIIND.NS,fresh buy,2023-11-07,508.9500122070313,Reversal entry
ALOKINDS.NS,fresh buy,2023-11-07,19.600000381469727,Reversal entry
ARVINDFASN.NS,fresh buy,2023-11-07,364.9500122070313,Golden entry
ASALCBR.NS,fresh buy,2023-11-07,475.1499938964844,Reversal entry
ASHAPURMIN.NS,fresh buy,2023-11-07,314.29998779296875,Reversal entry
ATULAUTO.NS,fresh buy,2023-11-07,673.7000122070312,Golden entry
AURUM.NS,fresh buy,2023-11-07,133.10000610351562,Reversal entry
AUROPHARMA.NS,fresh buy,2023-11-07,902.5499877929688,Reversal entry
AUTOAXLES.NS,fresh buy,2023-11-07,2328.60009765625,Reversal entry
BECTORFOOD.NS,fresh buy,2023-11-07,1175.0,Golden entry
BLISSGVS.NS,fresh buy,2023-11-07,112.6999969482422,Reversal entry
BOSCHLTD.NS,fresh buy,2023-11-07,19757.69921875,Reversal entry
BPCL.NS,fresh buy,2023-11-07,372.7999877929688,Reversal entry
CENTURYTEX.NS,fresh buy,2023-11-07,1137.050048828125,Reversal entry
CINELINE.NS,fresh buy,2023-11-07,117.0,Reversal entry
CIPLA.NS,fresh buy,2023-11-07,1216.449951171875,Reversal entry
CSLFINANCE.NS,fresh buy,2023-11-07,357.8999938964844,Reversal entry
DHANUKA.NS,fresh buy,2023-11-07,874.1500244140625,Reversal entry
DODLA.NS,fresh buy,2023-11-07,737.9000244140625,Reversal entry
DOLLAR.NS,fresh buy,2023-11-07,436.5,Reversal entry
EASEMYTRIP.NS,fresh buy,2023-11-07,44.150001525878906,Reversal entry
FEDERALBNK.NS,fresh buy,2023-11-07,147.3000030517578,Reversal entry
GREENPLY.NS,fresh buy,2023-11-07,174.1999969482422,Reversal entry
HAL.NS,fresh buy,2023-11-07,2017.1500244140625,Reversal entry
GTLINFRA.NS,fresh buy,2023-11-07,1.100000023841858,Reversal entry
HINDPETRO.NS,fresh buy,2023-11-07,278.6499938964844,Reversal entry
HITECHGEAR.NS,fresh buy,2023-11-07,407.6000061035156,Reversal entry
HSCL.NS,fresh buy,2023-11-07,254.4499969482422,Reversal entry
INDIGO.NS,fresh buy,2023-11-07,2585.550048828125,Reversal entry
INDUSINDBK.NS,fresh buy,2023-11-07,1486.4000244140625,Reversal entry
IRCON.NS,fresh buy,2023-11-07,152.5,Reversal entry
JBCHEPHARM.NS,fresh buy,2023-11-07,1452.75,Reversal entry
JYOTHYLAB.NS,fresh buy,2023-11-07,401.3999938964844,Golden entry
MARATHON.NS,fresh buy,2023-11-07,454.25,Reversal entry
MANGCHEFER.NS,fresh buy,2023-11-07,114.4499969482422,Golden entry
MEGASTAR.NS,fresh buy,2023-11-07,335.8999938964844,Reversal entry
OPTIEMUS.NS,fresh buy,2023-11-07,321.54998779296875,Golden entry
POLYMED.NS,fresh buy,2023-11-07,1409.75,Reversal entry
PRECOT.NS,fresh buy,2023-11-07,224.8999938964844,Reversal entry
PRAKASH.NS,fresh buy,2023-11-07,164.14999389648438,Reversal entry
RICOAUTO.NS,fresh buy,2023-11-07,91.75,Reversal entry
RKFORGE.NS,fresh buy,2023-11-07,691.9000244140625,Reversal entry
RPOWER.NS,fresh buy,2023-11-07,20.700000762939453,Reversal entry
RTNPOWER.NS,fresh buy,2023-11-07,7.599999904632568,Golden entry
TNPETRO.NS,fresh buy,2023-11-07,92.25,Reversal entry
TRIDENT.NS,fresh buy,2023-11-07,36.79999923706055,Reversal entry
VEDL.NS,fresh buy,2023-11-07,237.75,Reversal entry
XCHANGING.NS,fresh buy,2023-11-07,102.5,Reversal entry
ADANIPORTS.NS,fresh buy,2023-11-08,818.7000122070312,Reversal entry
AJMERA.NS,fresh buy,2023-11-08,399.4500122070313,Reversal entry
ARVINDFASN.NS,fresh buy,2023-11-08,375.0,Golden entry
ARIHANTSUP.NS,fresh buy,2023-11-08,205.6000061035156,Reversal entry
ASHAPURMIN.NS,fresh buy,2023-11-08,327.79998779296875,Reversal entry
ATULAUTO.NS,fresh buy,2023-11-08,661.0499877929688,Golden entry
AUTOAXLES.NS,fresh buy,2023-11-08,2420.85009765625,Reversal entry
AUROPHARMA.NS,fresh buy,2023-11-08,936.5499877929688,Reversal entry
BALKRISIND.NS,fresh buy,2023-11-08,2600.5,Reversal entry
BANCOINDIA.NS,fresh buy,2023-11-08,519.5499877929688,Reversal entry
BASF.NS,fresh buy,2023-11-08,2663.39990234375,Reversal entry
BECTORFOOD.NS,fresh buy,2023-11-08,1188.5999755859375,Golden entry
BCONCEPTS.NS,fresh buy,2023-11-08,485.0,Reversal entry
BEL.NS,fresh buy,2023-11-08,140.39999389648438,Reversal entry
BHARATWIRE.NS,fresh buy,2023-11-08,272.95001220703125,Reversal entry
BPCL.NS,fresh buy,2023-11-08,384.2000122070313,Reversal entry
CENTURYTEX.NS,fresh buy,2023-11-08,1162.0999755859375,Reversal entry
CHOICEIN.NS,fresh buy,2023-11-08,431.0499877929688,Reversal entry
CESC.NS,fresh buy,2023-11-08,90.5,Reversal entry
CHAMBLFERT.NS,fresh buy,2023-11-08,300.20001220703125,Golden entry
CMSINFO.NS,fresh buy,2023-11-08,378.4500122070313,Reversal entry
CINELINE.NS,fresh buy,2023-11-08,122.8499984741211,Reversal entry
CIPLA.NS,fresh buy,2023-11-08,1241.0,Reversal entry
CREST.NS,fresh buy,2023-11-08,250.6000061035156,Reversal entry
CUMMINSIND.NS,fresh buy,2023-11-08,1767.199951171875,Reversal entry
DIXON.NS,fresh buy,2023-11-08,5357.2998046875,Reversal entry
EICHERMOT.NS,fresh buy,2023-11-08,3550.300048828125,Reversal entry
ELGIEQUIP.NS,fresh buy,2023-11-08,515.2999877929688,Reversal entry
FOSECOIND.NS,fresh buy,2023-11-08,3601.89990234375,Reversal entry
GALLANTT.NS,fresh buy,2023-11-08,97.5500030517578,Reversal entry
GENUSPAPER.NS,fresh buy,2023-11-08,22.0,Golden entry
GMRP&UI.NS,fresh buy,2023-11-08,35.70000076293945,Reversal entry
GMDCLTD.NS,fresh buy,2023-11-08,361.0499877929688,Reversal entry
GPPL.NS,fresh buy,2023-11-08,133.3000030517578,Reversal entry
GUJALKALI.NS,fresh buy,2023-11-08,742.7000122070312,Reversal entry
HEUBACHIND.NS,fresh buy,2023-11-08,469.8999938964844,Reversal entry
HINDPETRO.NS,fresh buy,2023-11-08,299.5,Reversal entry
IONEXCHANG.NS,fresh buy,2023-11-08,561.4500122070312,Reversal entry
IRFC.NS,fresh buy,2023-11-08,75.5999984741211,Reversal entry
ITDCEM.NS,fresh buy,2023-11-08,224.8000030517578,Reversal entry
JKCEMENT.NS,fresh buy,2023-11-08,3438.699951171875,Reversal entry
JKIL.NS,fresh buy,2023-11-08,432.8999938964844,Reversal entry
JSL.NS,fresh buy,2023-11-08,468.0,Reversal entry
JYOTHYLAB.NS,fresh buy,2023-11-08,416.5,Golden entry
LUMAXTECH.NS,fresh buy,2023-11-08,379.5,Reversal entry
MANYAVAR.NS,fresh buy,2023-11-08,1338.199951171875,Golden entry
MANGCHEFER.NS,fresh buy,2023-11-08,112.25,Golden entry
MARATHON.NS,fresh buy,2023-11-08,469.9500122070313,Golden entry
MFSL.NS,fresh buy,2023-11-08,935.8499755859376,Reversal entry
NAUKRI.NS,fresh buy,2023-11-08,4505.7998046875,Reversal entry
NSIL.NS,fresh buy,2023-11-08,2752.050048828125,Reversal entry
OPTIEMUS.NS,fresh buy,2023-11-08,317.54998779296875,Golden entry
PIIND.NS,fresh buy,2023-11-08,3579.10009765625,Reversal entry
RAMASTEEL.NS,fresh buy,2023-11-08,40.04999923706055,Reversal entry
RAJTV.NS,fresh buy,2023-11-08,53.5,Reversal entry
RBLBANK.NS,fresh buy,2023-11-08,240.1499938964844,Reversal entry
RCF.NS,fresh buy,2023-11-08,130.35000610351562,Reversal entry
RCOM.NS,fresh buy,2023-11-08,1.7999999523162842,Golden entry
RTNPOWER.NS,fresh buy,2023-11-08,7.75,Golden entry
SARDAEN.NS,fresh buy,2023-11-08,217.4499969482422,Reversal entry
STARCEMENT.NS,fresh buy,2023-11-08,164.3000030517578,Reversal entry
SWARAJENG.NS,fresh buy,2023-11-08,2037.5999755859373,Reversal entry
TASTYBITE.NS,fresh buy,2023-11-08,16622.599609375,Reversal entry
VERANDA.NS,fresh buy,2023-11-08,222.1000061035156,Reversal entry
WABAG.NS,fresh buy,2023-11-08,532.0499877929688,Reversal entry
WELENT.NS,fresh buy,2023-11-08,286.3500061035156,Reversal entry
YESBANK.NS,fresh buy,2023-11-08,17.950000762939453,Reversal entry
ZYDUSLIFE.NS,fresh buy,2023-11-08,625.2000122070312,Reversal entry
APOLLOHOSP.NS,fresh buy,2023-11-09,5297.60009765625,Reversal entry
BCONCEPTS.NS,fresh buy,2023-11-09,494.7000122070313,Reversal entry
CAPACITE.NS,fresh buy,2023-11-09,225.8000030517578,Reversal entry
DCAL.NS,fresh buy,2023-11-09,164.6999969482422,Reversal entry
ERIS.NS,fresh buy,2023-11-09,912.25,Golden entry
FDC.NS,fresh buy,2023-11-09,386.0499877929688,Reversal entry
GEECEE.NS,fresh buy,2023-11-09,222.6000061035156,Golden entry
HUBTOWN.NS,fresh buy,2023-11-09,65.80000305175781,Reversal entry
ISEC.NS,fresh buy,2023-11-09,660.0,Reversal entry
JITFINFRA.NS,fresh buy,2023-11-09,508.1000061035156,Reversal entry
KCP.NS,fresh buy,2023-11-09,140.14999389648438,Reversal entry
KITEX.NS,fresh buy,2023-11-09,205.6999969482422,Reversal entry
KPIGREEN.NS,fresh buy,2023-11-09,961.0999755859376,Reversal entry
KRISHANA.NS,fresh buy,2023-11-09,251.0500030517578,Reversal entry
LT.NS,fresh buy,2023-11-09,3024.85009765625,Reversal entry
MANORG.NS,fresh buy,2023-11-09,395.1499938964844,Reversal entry
MINDTECK.NS,fresh buy,2023-11-09,198.1999969482422,Reversal entry
MINDACORP.NS,fresh buy,2023-11-09,349.6499938964844,Golden entry
PARACABLES.NS,fresh buy,2023-11-09,66.0999984741211,Golden entry
SANDHAR.NS,fresh buy,2023-11-09,425.25,Reversal entry
TEMBO.NS,fresh buy,2023-11-09,242.6499938964844,Golden entry
TRACXN.NS,fresh buy,2023-11-09,78.19999694824219,Reversal entry
UNITECH.NS,fresh buy,2023-11-09,3.049999952316284,Golden entry
ACI.NS,fresh buy,2023-12-07,612.0999755859375,Reversal entry
ACE.NS,fresh buy,2023-12-07,835.8499755859375,Reversal entry
AIAENG.NS,fresh buy,2023-12-07,3766.10009765625,Reversal entry
ANUP.NS,fresh buy,2023-12-07,2623.85009765625,Reversal entry
AXITA.NS,fresh buy,2023-12-07,38.25,Reversal entry
BALKRISIND.NS,fresh buy,2023-12-07,2620.64990234375,Golden entry
BCG.NS,fresh buy,2023-12-07,20.049999237060547,Reversal entry
CGCL.NS,fresh buy,2023-12-07,777.9500122070312,Reversal entry
EIHAHOTELS.NS,fresh buy,2023-12-07,471.6499938964844,Reversal entry
EIHOTEL.NS,fresh buy,2023-12-07,249.3999938964844,Golden entry
HAPPSTMNDS.NS,fresh buy,2023-12-07,867.2000122070312,Reversal entry
GUJALKALI.NS,fresh buy,2023-12-07,759.4000244140625,Golden entry
HAVELLS.NS,fresh buy,2023-12-07,1349.5,Reversal entry
HEMIPROP.NS,fresh buy,2023-12-07,141.10000610351562,Reversal entry
HFCL.NS,fresh buy,2023-12-07,70.3499984741211,Reversal entry
IDBI.NS,fresh buy,2023-12-07,67.0999984741211,Reversal entry
INDIANB.NS,fresh buy,2023-12-07,432.0,Reversal entry
IRFC.NS,fresh buy,2023-12-07,76.05000305175781,Reversal entry
ITDC.NS,fresh buy,2023-12-07,450.1000061035156,Golden entry
JUBLINGREA.NS,fresh buy,2023-12-07,456.9500122070313,Reversal entry
KANSAINER.NS,fresh buy,2023-12-07,333.8999938964844,Reversal entry
LAURUSLABS.NS,fresh buy,2023-12-07,390.0499877929688,Reversal entry
MIRCELECTR.NS,fresh buy,2023-12-07,18.850000381469727,Reversal entry
OSIAHYPER.NS,fresh buy,2023-12-07,57.20000076293945,Reversal entry
PARACABLES.NS,fresh buy,2023-12-07,65.3499984741211,Reversal entry
PRECWIRE.NS,fresh buy,2023-12-07,127.25,Reversal entry
ROHLTD.NS,fresh buy,2023-12-07,347.20001220703125,Reversal entry
RUSTOMJEE.NS,fresh buy,2023-12-07,595.2000122070312,Reversal entry
SALZERELEC.NS,fresh buy,2023-12-07,404.8500061035156,Reversal entry
SANSERA.NS,fresh buy,2023-12-07,927.7000122070312,Reversal entry
SATIA.NS,fresh buy,2023-12-07,129.9499969482422,Reversal entry
SHOPERSTOP.NS,fresh buy,2023-12-07,695.7999877929688,Reversal entry
TAJGVK.NS,fresh buy,2023-12-07,234.4499969482422,Reversal entry
VERTOZ.NS,fresh buy,2023-12-07,394.6499938964844,Golden entry
VISAKAIND.NS,fresh buy,2023-12-07,92.9000015258789,Reversal entry
VOLTAS.NS,fresh buy,2023-12-07,866.0499877929688,Reversal entry
ZEEL.NS,fresh buy,2023-12-07,271.6000061035156,Reversal entry
ZEEMEDIA.NS,fresh buy,2023-12-07,15.25,Reversal entry
BTML.NS,fresh buy,2023-12-08,183.8999938964844,Golden entry
CHEVIOT.NS,fresh buy,2023-12-08,1268.449951171875,Golden entry
INFIBEAM.NS,fresh buy,2023-12-08,22.049999237060547,Reversal entry
ITI.NS,fresh buy,2023-12-08,294.29998779296875,Golden entry
JETAIRWAYS.NS,fresh buy,2023-12-08,60.75,Reversal entry
KIOCL.NS,fresh buy,2023-12-08,376.3500061035156,Golden entry
LOYALTEX.NS,fresh buy,2023-12-08,657.5499877929688,Reversal entry
MAHLOG.NS,fresh buy,2023-12-08,381.3500061035156,Reversal entry
MOTHERSON.NS,fresh buy,2023-12-08,95.0,Reversal entry
NELCO.NS,fresh buy,2023-12-08,794.4500122070312,Reversal entry
PARSVNATH.NS,fresh buy,2023-12-08,10.850000381469728,Reversal entry
RUPA.NS,fresh buy,2023-12-08,277.3500061035156,Reversal entry
SCHNEIDER.NS,fresh buy,2023-12-08,371.3500061035156,Reversal entry
STAR.NS,fresh buy,2023-12-08,512.25,Reversal entry
STCINDIA.NS,fresh buy,2023-12-08,130.4499969482422,Golden entry
TEMBO.NS,fresh buy,2023-12-08,252.6999969482422,Reversal entry
TVSSRICHAK.NS,fresh buy,2023-12-08,4516.9501953125,Reversal entry
UJJIVAN.NS,fresh buy,2023-12-08,563.0999755859375,Reversal entry
XCHANGING.NS,fresh buy,2023-12-08,103.0500030517578,Reversal entry
BBL.NS,fresh buy,2023-12-11,3941.75,Reversal entry
BHAGCHEM.NS,fresh buy,2023-12-11,1581.050048828125,Reversal entry
BLKASHYAP.NS,fresh buy,2023-12-11,66.5999984741211,Reversal entry
BRNL.NS,fresh buy,2023-12-11,47.79999923706055,Golden entry
COASTCORP.NS,fresh buy,2023-12-11,259.95001220703125,Reversal entry
DATAPATTNS.NS,fresh buy,2023-12-11,2058.0,Reversal entry
DMCC.NS,fresh buy,2023-12-11,310.29998779296875,Reversal entry
DPABHUSHAN.NS,fresh buy,2023-12-11,618.5,Reversal entry
EIFFL.NS,fresh buy,2023-12-11,147.9499969482422,Reversal entry
GFLLIMITED.NS,fresh buy,2023-12-11,100.0,Reversal entry
GUJGASLTD.NS,fresh buy,2023-12-11,444.0,Reversal entry
IDEA.NS,fresh buy,2023-12-11,13.100000381469728,Reversal entry
IOB.NS,fresh buy,2023-12-11,43.650001525878906,Reversal entry
KHAICHEM.NS,fresh buy,2023-12-11,68.80000305175781,Reversal entry
KOLTEPATIL.NS,fresh buy,2023-12-11,511.2999877929688,Reversal entry
MAHABANK.NS,fresh buy,2023-12-11,47.70000076293945,Reversal entry
MAYURUNIQ.NS,fresh buy,2023-12-11,541.7999877929688,Reversal entry
NAVA.NS,fresh buy,2023-12-11,429.2999877929688,Reversal entry
OFSS.NS,fresh buy,2023-12-11,4172.89990234375,Reversal entry
PDMJEPAPER.NS,fresh buy,2023-12-11,49.25,Reversal entry
RITES.NS,fresh buy,2023-12-11,485.3999938964844,Reversal entry
SCHAEFFLER.NS,fresh buy,2023-12-11,3052.800048828125,Reversal entry
SESHAPAPER.NS,fresh buy,2023-12-11,360.0,Reversal entry
SHREEPUSHK.NS,fresh buy,2023-12-11,204.0,Reversal entry
SMLISUZU.NS,fresh buy,2023-12-11,1417.8499755859375,Reversal entry
STARPAPER.NS,fresh buy,2023-12-11,229.5500030517578,Reversal entry
TATACHEM.NS,fresh buy,2023-12-11,1013.0999755859376,Reversal entry
TNPL.NS,fresh buy,2023-12-11,290.45001220703125,Golden entry
UCOBANK.NS,fresh buy,2023-12-11,40.59999847412109,Reversal entry
UPL.NS,fresh buy,2023-12-11,594.7999877929688,Reversal entry
VAKRANGEE.NS,fresh buy,2023-12-11,19.64999961853028,Golden entry
ADORWELD.NS,fresh buy,2023-12-13,1476.449951171875,Reversal entry
ASTRAZEN.NS,fresh buy,2023-12-13,4727.89990234375,Reversal entry
BIOCON.NS,fresh buy,2023-12-13,249.3000030517578,Reversal entry
BLKASHYAP.NS,fresh buy,2023-12-13,67.1500015258789,Reversal entry
CLEDUCATE.NS,fresh buy,2023-12-13,86.3499984741211,Reversal entry
DEVIT.NS,fresh buy,2023-12-13,147.5,Reversal entry
DHANI.NS,fresh buy,2023-12-13,42.75,Reversal entry
DVL.NS,fresh buy,2023-12-13,334.04998779296875,Reversal entry
EKC.NS,fresh buy,2023-12-13,133.35000610351562,Reversal entry
GOODLUCK.NS,fresh buy,2023-12-13,920.7000122070312,Reversal entry
HPL.NS,fresh buy,2023-12-13,220.8999938964844,Reversal entry
ICEMAKE.NS,fresh buy,2023-12-13,657.7999877929688,Reversal entry
INDIAMART.NS,fresh buy,2023-12-13,2793.14990234375,Reversal entry
JKIL.NS,fresh buy,2023-12-13,444.6000061035156,Reversal entry
JTEKTINDIA.NS,fresh buy,2023-12-13,142.25,Reversal entry
KRSNAA.NS,fresh buy,2023-12-13,705.5,Reversal entry
MAANALU.NS,fresh buy,2023-12-13,137.10000610351562,Reversal entry
MCDOWELL-N.NS,fresh buy,2023-12-13,1072.5999755859375,Reversal entry
NAZARA.NS,fresh buy,2023-12-13,855.5999755859375,Reversal entry
PRECAM.NS,fresh buy,2023-12-13,267.95001220703125,Reversal entry
RSYSTEMS.NS,fresh buy,2023-12-13,512.7000122070312,Reversal entry
SEPC.NS,fresh buy,2023-12-13,22.100000381469727,Reversal entry
TANLA.NS,fresh buy,2023-12-13,1090.9000244140625,Reversal entry
TDPOWERSYS.NS,fresh buy,2023-12-13,278.1499938964844,Reversal entry
TIRUMALCHM.NS,fresh buy,2023-12-13,209.0,Reversal entry
TPLPLASTEH.NS,fresh buy,2023-12-13,53.84999847412109,Reversal entry
VAKRANGEE.NS,fresh buy,2023-12-13,19.799999237060547,Golden entry
VESUVIUS.NS,fresh buy,2023-12-13,3700.64990234375,Reversal entry
VIPIND.NS,fresh buy,2023-12-13,653.1500244140625,Reversal entry
WALCHANNAG.NS,fresh buy,2023-12-13,199.0500030517578,Golden entry
ADSL.NS,fresh buy,2023-12-14,126.8499984741211,Reversal entry
AURUM.NS,fresh buy,2023-12-14,140.10000610351562,Golden entry
BARBEQUE.NS,fresh buy,2023-12-14,678.0,Reversal entry
CASTROLIND.NS,fresh buy,2023-12-14,148.25,Reversal entry
CHOLAFIN.NS,fresh buy,2023-12-14,1228.9000244140625,Reversal entry
CRISIL.NS,fresh buy,2023-12-14,4242.5,Reversal entry
GFLLIMITED.NS,fresh buy,2023-12-14,102.5500030517578,Reversal entry
IDEA.NS,fresh buy,2023-12-14,13.949999809265137,Reversal entry
JAIBALAJI.NS,fresh buy,2023-12-14,657.5,Golden entry
JINDALPOLY.NS,fresh buy,2023-12-14,646.4000244140625,Reversal entry
KIRLOSBROS.NS,fresh buy,2023-12-14,945.2000122070312,Reversal entry
M&MFIN.NS,fresh buy,2023-12-14,289.3500061035156,Reversal entry
MANAKSTEEL.NS,fresh buy,2023-12-14,47.09999847412109,Reversal entry
MKPL.NS,fresh buy,2023-12-14,87.1500015258789,Reversal entry
MPSLTD.NS,fresh buy,2023-12-14,1769.9000244140625,Reversal entry
NINSYS.NS,fresh buy,2023-12-14,433.3500061035156,Reversal entry
NSLNISP.NS,fresh buy,2023-12-14,49.29999923706055,Reversal entry
ROUTE.NS,fresh buy,2023-12-14,1581.9000244140625,Reversal entry
TATACOMM.NS,fresh buy,2023-12-14,1749.6500244140625,Reversal entry
TECHM.NS,fresh buy,2023-12-14,1264.699951171875,Reversal entry
TIPSINDLTD.NS,fresh buy,2023-12-14,371.5499877929688,Reversal entry
XPROINDIA.NS,fresh buy,2023-12-14,1039.1500244140625,Reversal entry
ZYDUSWELL.NS,fresh buy,2023-12-14,1571.75,Reversal entry
63MOONS.NS,fresh buy,2023-12-21,468.5,Reversal entry
ACE.NS,fresh buy,2023-12-21,859.8499755859375,Reversal entry
ANDHRAPAP.NS,fresh buy,2023-12-21,578.7999877929688,Reversal entry
ASAHISONG.NS,fresh buy,2023-12-21,294.3500061035156,Reversal entry
BIGBLOC.NS,fresh buy,2023-12-21,164.14999389648438,Reversal entry
GMDCLTD.NS,fresh buy,2023-12-21,404.4500122070313,Reversal entry
GOYALALUM.NS,fresh buy,2023-12-21,9.899999618530272,Reversal entry
GUFICBIO.NS,fresh buy,2023-12-21,326.1000061035156,Reversal entry
HINDOILEXP.NS,fresh buy,2023-12-21,179.39999389648438,Reversal entry
INTLCONV.NS,fresh buy,2023-12-21,95.1500015258789,Reversal entry
JASH.NS,fresh buy,2023-12-21,1496.949951171875,Reversal entry
JBCHEPHARM.NS,fresh buy,2023-12-21,1487.0,Reversal entry
METROPOLIS.NS,fresh buy,2023-12-21,1709.5,Reversal entry
PANACEABIO.NS,fresh buy,2023-12-21,163.39999389648438,Reversal entry
PENIND.NS,fresh buy,2023-12-21,118.8499984741211,Reversal entry
PRICOLLTD.NS,fresh buy,2023-12-21,372.3500061035156,Golden entry
RAMCOSYS.NS,fresh buy,2023-12-21,302.20001220703125,Reversal entry
ROTO.NS,fresh buy,2023-12-21,406.4500122070313,Reversal entry
SATIN.NS,fresh buy,2023-12-21,265.75,Reversal entry
SEQUENT.NS,fresh buy,2023-12-21,114.8499984741211,Reversal entry
THEINVEST.NS,fresh buy,2023-12-21,104.9000015258789,Reversal entry
UFLEX.NS,fresh buy,2023-12-21,460.9500122070313,Reversal entry
VIKASECO.NS,fresh buy,2023-12-21,4.099999904632568,Reversal entry
WINDLAS.NS,fresh buy,2023-12-21,427.25,Reversal entry
ACE.NS,fresh buy,2024-03-14,1251.8499755859375,Reversal entry
SANGHVIMOV.NS,fresh buy,2024-03-14,1048.449951171875,Reversal entry
STEL.NS,fresh buy,2024-03-14,328.8999938964844,Reversal entry
SUDARSCHEM.NS,fresh buy,2024-03-14,569.0999755859375,Reversal entry
THEJO.NS,fresh buy,2024-03-14,2223.25,Reversal entry
AAVAS.NS,fresh buy,2024-04-05,1598.550048828125,Reversal entry
ASAL.NS,fresh buy,2024-04-05,717.4000244140625,Golden entry
BALKRISIND.NS,fresh buy,2024-04-05,2404.5,Reversal entry
BALRAMCHIN.NS,fresh buy,2024-04-05,388.8999938964844,Reversal entry
CHEMPLASTS.NS,fresh buy,2024-04-05,485.6499938964844,Reversal entry
CSLFINANCE.NS,fresh buy,2024-04-05,482.0,Reversal entry
DONEAR.NS,fresh buy,2024-04-05,105.1999969482422,Reversal entry
ELDEHSG.NS,fresh buy,2024-04-05,830.7999877929688,Reversal entry
FIVESTAR.NS,fresh buy,2024-04-05,758.7000122070312,Reversal entry
FDC.NS,fresh buy,2024-04-05,452.1499938964844,Reversal entry
GEECEE.NS,fresh buy,2024-04-05,296.1000061035156,Reversal entry
GODREJIND.NS,fresh buy,2024-04-05,814.3499755859375,Reversal entry
GRANULES.NS,fresh buy,2024-04-05,452.5,Reversal entry
GSFC.NS,fresh buy,2024-04-05,241.6499938964844,Reversal entry
HCC.NS,fresh buy,2024-04-05,39.400001525878906,Reversal entry
HIKAL.NS,fresh buy,2024-04-05,306.5,Reversal entry
ICICIGI.NS,fresh buy,2024-04-05,1717.800048828125,Reversal entry
IFCI.NS,fresh buy,2024-04-05,47.04999923706055,Reversal entry
IRFC.NS,fresh buy,2024-04-05,147.85000610351562,Reversal entry
JITFINFRA.NS,fresh buy,2024-04-05,609.2999877929688,Reversal entry
JKCEMENT.NS,fresh buy,2024-04-05,4358.7998046875,Reversal entry
MGL.NS,fresh buy,2024-04-05,1440.199951171875,Reversal entry
NBCC.NS,fresh buy,2024-04-05,138.35000610351562,Reversal entry
ORICONENT.NS,fresh buy,2024-04-05,41.5,Reversal entry
OSWALAGRO.NS,fresh buy,2024-04-05,46.79999923706055,Reversal entry
PDMJEPAPER.NS,fresh buy,2024-04-05,71.55000305175781,Reversal entry
RPGLIFE.NS,fresh buy,2024-04-05,1576.5999755859375,Reversal entry
SHREDIGCEM.NS,fresh buy,2024-04-05,113.5999984741211,Reversal entry
SUVEN.NS,fresh buy,2024-04-05,112.1999969482422,Reversal entry
SUPREMEIND.NS,fresh buy,2024-04-05,4356.35009765625,Reversal entry
TIIL.NS,fresh buy,2024-04-05,2280.199951171875,Reversal entry
UNICHEMLAB.NS,fresh buy,2024-04-05,543.5999755859375,Reversal entry
UNIVCABLES.NS,fresh buy,2024-04-05,490.5499877929688,Reversal entry
VSTIND.NS,fresh buy,2024-04-05,3679.449951171875,Reversal entry
